rule_id,loan_type,condition_field,operator,value,action,data_status
RR_0_0,EDUCATION,interest_rate,<,10,BOOST_SCORE,sample
RR_0_1,EDUCATION,credit_score,>,20,BOOST_SCORE,sample
RR_0_2,EDUCATION,processing_fee,<=,30,BOOST_SCORE,sample
RR_0_3,EDUCATION,interest_rate,<,40,BOOST_SCORE,sample
RR_0_4,EDUCATION,credit_score,>,50,BOOST_SCORE,sample
RR_1_0,PERSONAL,interest_rate,<,10,BOOST_SCORE,sample
RR_1_1,PERSONAL,credit_score,>,20,BOOST_SCORE,sample
RR_1_2,PERSONAL,processing_fee,<=,30,BOOST_SCORE,sample
RR_1_3,PERSONAL,interest_rate,<,40,BOOST_SCORE,sample
RR_1_4,PERSONAL,credit_score,>,50,BOOST_SCORE,sample
RR_2_0,HOME,interest_rate,<,10,BOOST_SCORE,sample
RR_2_1,HOME,credit_score,>,20,BOOST_SCORE,sample
RR_2_2,HOME,processing_fee,<=,30,BOOST_SCORE,sample
RR_2_3,HOME,interest_rate,<,40,BOOST_SCORE,sample
RR_2_4,HOME,credit_score,>,50,BOOST_SCORE,sample
RR_3_0,VEHICLE,interest_rate,<,10,BOOST_SCORE,sample
RR_3_1,VEHICLE,credit_score,>,20,BOOST_SCORE,sample
RR_3_2,VEHICLE,processing_fee,<=,30,BOOST_SCORE,sample
RR_3_3,VEHICLE,interest_rate,<,40,BOOST_SCORE,sample
RR_3_4,VEHICLE,credit_score,>,50,BOOST_SCORE,sample
RR_4_0,BUSINESS,interest_rate,<,10,BOOST_SCORE,sample
RR_4_1,BUSINESS,credit_score,>,20,BOOST_SCORE,sample
RR_4_2,BUSINESS,processing_fee,<=,30,BOOST_SCORE,sample
RR_4_3,BUSINESS,interest_rate,<,40,BOOST_SCORE,sample
RR_4_4,BUSINESS,credit_score,>,50,BOOST_SCORE,sample
RR_5_0,GOLD,interest_rate,<,10,BOOST_SCORE,sample
RR_5_1,GOLD,credit_score,>,20,BOOST_SCORE,sample
RR_5_2,GOLD,processing_fee,<=,30,BOOST_SCORE,sample
RR_5_3,GOLD,interest_rate,<,40,BOOST_SCORE,sample
RR_5_4,GOLD,credit_score,>,50,BOOST_SCORE,sample
