fee_id,loan_product_id,fee_type,fee_amount,fee_percentage,data_status
F_0_0_1,SBI_EDU_000,Processing,500,1.0,sample
F_0_0_2,SBI_EDU_000,Documentation,100,0.0,sample
F_0_1_1,HDFC_EDU_001,Processing,1000,1.1,sample
F_0_1_2,HDFC_EDU_001,Documentation,200,0.0,sample
F_0_2_1,ICICI_EDU_002,Processing,1500,1.2,sample
F_0_2_2,ICICI_EDU_002,Documentation,300,0.0,sample
F_0_3_1,PNB_EDU_003,Processing,2000,1.3,sample
F_0_3_2,PNB_EDU_003,Documentation,400,0.0,sample
F_0_4_1,AXIS_EDU_004,Processing,2500,1.4,sample
F_0_4_2,AXIS_EDU_004,Documentation,500,0.0,sample
F_0_5_1,BOB_EDU_005,Processing,3000,1.5,sample
F_0_5_2,BOB_EDU_005,Documentation,600,0.0,sample
F_0_6_1,KOTAK_EDU_006,Processing,3500,1.6,sample
F_0_6_2,KOTAK_EDU_006,Documentation,700,0.0,sample
F_0_7_1,IDFC_EDU_007,Processing,4000,1.7000000000000002,sample
F_0_7_2,IDFC_EDU_007,Documentation,800,0.0,sample
F_0_8_1,UBI_EDU_008,Processing,4500,1.8,sample
F_0_8_2,UBI_EDU_008,Documentation,900,0.0,sample
F_0_9_1,YES_EDU_009,Processing,5000,1.9,sample
F_0_9_2,YES_EDU_009,Documentation,1000,0.0,sample
F_0_10_1,INDUS_EDU_010,Processing,5500,2.0,sample
F_0_10_2,INDUS_EDU_010,Documentation,1100,0.0,sample
F_0_11_1,CANARA_EDU_011,Processing,6000,2.1,sample
F_0_11_2,CANARA_EDU_011,Documentation,1200,0.0,sample
F_0_12_1,BOI_EDU_012,Processing,6500,2.2,sample
F_0_12_2,BOI_EDU_012,Documentation,1300,0.0,sample
F_0_13_1,FEDERAL_EDU_013,Processing,7000,2.3,sample
F_0_13_2,FEDERAL_EDU_013,Documentation,1400,0.0,sample
F_0_14_1,SIB_EDU_014,Processing,7500,2.4000000000000004,sample
F_0_14_2,SIB_EDU_014,Documentation,1500,0.0,sample
F_0_15_1,RBL_EDU_015,Processing,8000,2.5,sample
F_0_15_2,RBL_EDU_015,Documentation,1600,0.0,sample
F_0_16_1,IDBI_EDU_016,Processing,8500,2.6,sample
F_0_16_2,IDBI_EDU_016,Documentation,1700,0.0,sample
F_0_17_1,CBI_EDU_017,Processing,9000,2.7,sample
F_0_17_2,CBI_EDU_017,Documentation,1800,0.0,sample
F_0_18_1,INDIAN_EDU_018,Processing,9500,2.8,sample
F_0_18_2,INDIAN_EDU_018,Documentation,1900,0.0,sample
F_0_19_1,UCO_EDU_019,Processing,10000,2.9000000000000004,sample
F_0_19_2,UCO_EDU_019,Documentation,2000,0.0,sample
F_0_20_1,PSB_EDU_020,Processing,10500,3.0,sample
F_0_20_2,PSB_EDU_020,Documentation,2100,0.0,sample
F_0_21_1,SBI_EDU_021,Processing,11000,3.1,sample
F_0_21_2,SBI_EDU_021,Documentation,2200,0.0,sample
F_0_22_1,HDFC_EDU_022,Processing,11500,3.2,sample
F_0_22_2,HDFC_EDU_022,Documentation,2300,0.0,sample
F_0_23_1,ICICI_EDU_023,Processing,12000,3.3000000000000003,sample
F_0_23_2,ICICI_EDU_023,Documentation,2400,0.0,sample
F_0_24_1,PNB_EDU_024,Processing,12500,3.4000000000000004,sample
F_0_24_2,PNB_EDU_024,Documentation,2500,0.0,sample
F_1_0_1,SBI_PL_000,Processing,500,1.0,sample
F_1_0_2,SBI_PL_000,Documentation,100,0.0,sample
F_1_1_1,HDFC_PL_001,Processing,1000,1.1,sample
F_1_1_2,HDFC_PL_001,Documentation,200,0.0,sample
F_1_2_1,ICICI_PL_002,Processing,1500,1.2,sample
F_1_2_2,ICICI_PL_002,Documentation,300,0.0,sample
F_1_3_1,PNB_PL_003,Processing,2000,1.3,sample
F_1_3_2,PNB_PL_003,Documentation,400,0.0,sample
F_1_4_1,AXIS_PL_004,Processing,2500,1.4,sample
F_1_4_2,AXIS_PL_004,Documentation,500,0.0,sample
F_1_5_1,BOB_PL_005,Processing,3000,1.5,sample
F_1_5_2,BOB_PL_005,Documentation,600,0.0,sample
F_1_6_1,KOTAK_PL_006,Processing,3500,1.6,sample
F_1_6_2,KOTAK_PL_006,Documentation,700,0.0,sample
F_1_7_1,IDFC_PL_007,Processing,4000,1.7000000000000002,sample
F_1_7_2,IDFC_PL_007,Documentation,800,0.0,sample
F_1_8_1,UBI_PL_008,Processing,4500,1.8,sample
F_1_8_2,UBI_PL_008,Documentation,900,0.0,sample
F_1_9_1,YES_PL_009,Processing,5000,1.9,sample
F_1_9_2,YES_PL_009,Documentation,1000,0.0,sample
F_1_10_1,INDUS_PL_010,Processing,5500,2.0,sample
F_1_10_2,INDUS_PL_010,Documentation,1100,0.0,sample
F_1_11_1,CANARA_PL_011,Processing,6000,2.1,sample
F_1_11_2,CANARA_PL_011,Documentation,1200,0.0,sample
F_1_12_1,BOI_PL_012,Processing,6500,2.2,sample
F_1_12_2,BOI_PL_012,Documentation,1300,0.0,sample
F_1_13_1,FEDERAL_PL_013,Processing,7000,2.3,sample
F_1_13_2,FEDERAL_PL_013,Documentation,1400,0.0,sample
F_1_14_1,SIB_PL_014,Processing,7500,2.4000000000000004,sample
F_1_14_2,SIB_PL_014,Documentation,1500,0.0,sample
F_1_15_1,RBL_PL_015,Processing,8000,2.5,sample
F_1_15_2,RBL_PL_015,Documentation,1600,0.0,sample
F_1_16_1,IDBI_PL_016,Processing,8500,2.6,sample
F_1_16_2,IDBI_PL_016,Documentation,1700,0.0,sample
F_1_17_1,CBI_PL_017,Processing,9000,2.7,sample
F_1_17_2,CBI_PL_017,Documentation,1800,0.0,sample
F_1_18_1,INDIAN_PL_018,Processing,9500,2.8,sample
F_1_18_2,INDIAN_PL_018,Documentation,1900,0.0,sample
F_1_19_1,UCO_PL_019,Processing,10000,2.9000000000000004,sample
F_1_19_2,UCO_PL_019,Documentation,2000,0.0,sample
F_1_20_1,PSB_PL_020,Processing,10500,3.0,sample
F_1_20_2,PSB_PL_020,Documentation,2100,0.0,sample
F_1_21_1,SBI_PL_021,Processing,11000,3.1,sample
F_1_21_2,SBI_PL_021,Documentation,2200,0.0,sample
F_1_22_1,HDFC_PL_022,Processing,11500,3.2,sample
F_1_22_2,HDFC_PL_022,Documentation,2300,0.0,sample
F_1_23_1,ICICI_PL_023,Processing,12000,3.3000000000000003,sample
F_1_23_2,ICICI_PL_023,Documentation,2400,0.0,sample
F_1_24_1,PNB_PL_024,Processing,12500,3.4000000000000004,sample
F_1_24_2,PNB_PL_024,Documentation,2500,0.0,sample
F_2_0_1,SBI_HL_000,Processing,500,1.0,sample
F_2_0_2,SBI_HL_000,Documentation,100,0.0,sample
F_2_1_1,HDFC_HL_001,Processing,1000,1.1,sample
F_2_1_2,HDFC_HL_001,Documentation,200,0.0,sample
F_2_2_1,ICICI_HL_002,Processing,1500,1.2,sample
F_2_2_2,ICICI_HL_002,Documentation,300,0.0,sample
F_2_3_1,PNB_HL_003,Processing,2000,1.3,sample
F_2_3_2,PNB_HL_003,Documentation,400,0.0,sample
F_2_4_1,AXIS_HL_004,Processing,2500,1.4,sample
F_2_4_2,AXIS_HL_004,Documentation,500,0.0,sample
F_2_5_1,BOB_HL_005,Processing,3000,1.5,sample
F_2_5_2,BOB_HL_005,Documentation,600,0.0,sample
F_2_6_1,KOTAK_HL_006,Processing,3500,1.6,sample
F_2_6_2,KOTAK_HL_006,Documentation,700,0.0,sample
F_2_7_1,IDFC_HL_007,Processing,4000,1.7000000000000002,sample
F_2_7_2,IDFC_HL_007,Documentation,800,0.0,sample
F_2_8_1,UBI_HL_008,Processing,4500,1.8,sample
F_2_8_2,UBI_HL_008,Documentation,900,0.0,sample
F_2_9_1,YES_HL_009,Processing,5000,1.9,sample
F_2_9_2,YES_HL_009,Documentation,1000,0.0,sample
F_2_10_1,INDUS_HL_010,Processing,5500,2.0,sample
F_2_10_2,INDUS_HL_010,Documentation,1100,0.0,sample
F_2_11_1,CANARA_HL_011,Processing,6000,2.1,sample
F_2_11_2,CANARA_HL_011,Documentation,1200,0.0,sample
F_2_12_1,BOI_HL_012,Processing,6500,2.2,sample
F_2_12_2,BOI_HL_012,Documentation,1300,0.0,sample
F_2_13_1,FEDERAL_HL_013,Processing,7000,2.3,sample
F_2_13_2,FEDERAL_HL_013,Documentation,1400,0.0,sample
F_2_14_1,SIB_HL_014,Processing,7500,2.4000000000000004,sample
F_2_14_2,SIB_HL_014,Documentation,1500,0.0,sample
F_2_15_1,RBL_HL_015,Processing,8000,2.5,sample
F_2_15_2,RBL_HL_015,Documentation,1600,0.0,sample
F_2_16_1,IDBI_HL_016,Processing,8500,2.6,sample
F_2_16_2,IDBI_HL_016,Documentation,1700,0.0,sample
F_2_17_1,CBI_HL_017,Processing,9000,2.7,sample
F_2_17_2,CBI_HL_017,Documentation,1800,0.0,sample
F_2_18_1,INDIAN_HL_018,Processing,9500,2.8,sample
F_2_18_2,INDIAN_HL_018,Documentation,1900,0.0,sample
F_2_19_1,UCO_HL_019,Processing,10000,2.9000000000000004,sample
F_2_19_2,UCO_HL_019,Documentation,2000,0.0,sample
F_2_20_1,PSB_HL_020,Processing,10500,3.0,sample
F_2_20_2,PSB_HL_020,Documentation,2100,0.0,sample
F_2_21_1,SBI_HL_021,Processing,11000,3.1,sample
F_2_21_2,SBI_HL_021,Documentation,2200,0.0,sample
F_2_22_1,HDFC_HL_022,Processing,11500,3.2,sample
F_2_22_2,HDFC_HL_022,Documentation,2300,0.0,sample
F_2_23_1,ICICI_HL_023,Processing,12000,3.3000000000000003,sample
F_2_23_2,ICICI_HL_023,Documentation,2400,0.0,sample
F_2_24_1,PNB_HL_024,Processing,12500,3.4000000000000004,sample
F_2_24_2,PNB_HL_024,Documentation,2500,0.0,sample
F_3_0_1,SBI_VL_000,Processing,500,1.0,sample
F_3_0_2,SBI_VL_000,Documentation,100,0.0,sample
F_3_1_1,HDFC_VL_001,Processing,1000,1.1,sample
F_3_1_2,HDFC_VL_001,Documentation,200,0.0,sample
F_3_2_1,ICICI_VL_002,Processing,1500,1.2,sample
F_3_2_2,ICICI_VL_002,Documentation,300,0.0,sample
F_3_3_1,PNB_VL_003,Processing,2000,1.3,sample
F_3_3_2,PNB_VL_003,Documentation,400,0.0,sample
F_3_4_1,AXIS_VL_004,Processing,2500,1.4,sample
F_3_4_2,AXIS_VL_004,Documentation,500,0.0,sample
F_3_5_1,BOB_VL_005,Processing,3000,1.5,sample
F_3_5_2,BOB_VL_005,Documentation,600,0.0,sample
F_3_6_1,KOTAK_VL_006,Processing,3500,1.6,sample
F_3_6_2,KOTAK_VL_006,Documentation,700,0.0,sample
F_3_7_1,IDFC_VL_007,Processing,4000,1.7000000000000002,sample
F_3_7_2,IDFC_VL_007,Documentation,800,0.0,sample
F_3_8_1,UBI_VL_008,Processing,4500,1.8,sample
F_3_8_2,UBI_VL_008,Documentation,900,0.0,sample
F_3_9_1,YES_VL_009,Processing,5000,1.9,sample
F_3_9_2,YES_VL_009,Documentation,1000,0.0,sample
F_3_10_1,INDUS_VL_010,Processing,5500,2.0,sample
F_3_10_2,INDUS_VL_010,Documentation,1100,0.0,sample
F_3_11_1,CANARA_VL_011,Processing,6000,2.1,sample
F_3_11_2,CANARA_VL_011,Documentation,1200,0.0,sample
F_3_12_1,BOI_VL_012,Processing,6500,2.2,sample
F_3_12_2,BOI_VL_012,Documentation,1300,0.0,sample
F_3_13_1,FEDERAL_VL_013,Processing,7000,2.3,sample
F_3_13_2,FEDERAL_VL_013,Documentation,1400,0.0,sample
F_3_14_1,SIB_VL_014,Processing,7500,2.4000000000000004,sample
F_3_14_2,SIB_VL_014,Documentation,1500,0.0,sample
F_3_15_1,RBL_VL_015,Processing,8000,2.5,sample
F_3_15_2,RBL_VL_015,Documentation,1600,0.0,sample
F_3_16_1,IDBI_VL_016,Processing,8500,2.6,sample
F_3_16_2,IDBI_VL_016,Documentation,1700,0.0,sample
F_3_17_1,CBI_VL_017,Processing,9000,2.7,sample
F_3_17_2,CBI_VL_017,Documentation,1800,0.0,sample
F_3_18_1,INDIAN_VL_018,Processing,9500,2.8,sample
F_3_18_2,INDIAN_VL_018,Documentation,1900,0.0,sample
F_3_19_1,UCO_VL_019,Processing,10000,2.9000000000000004,sample
F_3_19_2,UCO_VL_019,Documentation,2000,0.0,sample
F_3_20_1,PSB_VL_020,Processing,10500,3.0,sample
F_3_20_2,PSB_VL_020,Documentation,2100,0.0,sample
F_3_21_1,SBI_VL_021,Processing,11000,3.1,sample
F_3_21_2,SBI_VL_021,Documentation,2200,0.0,sample
F_3_22_1,HDFC_VL_022,Processing,11500,3.2,sample
F_3_22_2,HDFC_VL_022,Documentation,2300,0.0,sample
F_3_23_1,ICICI_VL_023,Processing,12000,3.3000000000000003,sample
F_3_23_2,ICICI_VL_023,Documentation,2400,0.0,sample
F_3_24_1,PNB_VL_024,Processing,12500,3.4000000000000004,sample
F_3_24_2,PNB_VL_024,Documentation,2500,0.0,sample
F_4_0_1,SBI_BL_000,Processing,500,1.0,sample
F_4_0_2,SBI_BL_000,Documentation,100,0.0,sample
F_4_1_1,HDFC_BL_001,Processing,1000,1.1,sample
F_4_1_2,HDFC_BL_001,Documentation,200,0.0,sample
F_4_2_1,ICICI_BL_002,Processing,1500,1.2,sample
F_4_2_2,ICICI_BL_002,Documentation,300,0.0,sample
F_4_3_1,PNB_BL_003,Processing,2000,1.3,sample
F_4_3_2,PNB_BL_003,Documentation,400,0.0,sample
F_4_4_1,AXIS_BL_004,Processing,2500,1.4,sample
F_4_4_2,AXIS_BL_004,Documentation,500,0.0,sample
F_4_5_1,BOB_BL_005,Processing,3000,1.5,sample
F_4_5_2,BOB_BL_005,Documentation,600,0.0,sample
F_4_6_1,KOTAK_BL_006,Processing,3500,1.6,sample
F_4_6_2,KOTAK_BL_006,Documentation,700,0.0,sample
F_4_7_1,IDFC_BL_007,Processing,4000,1.7000000000000002,sample
F_4_7_2,IDFC_BL_007,Documentation,800,0.0,sample
F_4_8_1,UBI_BL_008,Processing,4500,1.8,sample
F_4_8_2,UBI_BL_008,Documentation,900,0.0,sample
F_4_9_1,YES_BL_009,Processing,5000,1.9,sample
F_4_9_2,YES_BL_009,Documentation,1000,0.0,sample
F_4_10_1,INDUS_BL_010,Processing,5500,2.0,sample
F_4_10_2,INDUS_BL_010,Documentation,1100,0.0,sample
F_4_11_1,CANARA_BL_011,Processing,6000,2.1,sample
F_4_11_2,CANARA_BL_011,Documentation,1200,0.0,sample
F_4_12_1,BOI_BL_012,Processing,6500,2.2,sample
F_4_12_2,BOI_BL_012,Documentation,1300,0.0,sample
F_4_13_1,FEDERAL_BL_013,Processing,7000,2.3,sample
F_4_13_2,FEDERAL_BL_013,Documentation,1400,0.0,sample
F_4_14_1,SIB_BL_014,Processing,7500,2.4000000000000004,sample
F_4_14_2,SIB_BL_014,Documentation,1500,0.0,sample
F_4_15_1,RBL_BL_015,Processing,8000,2.5,sample
F_4_15_2,RBL_BL_015,Documentation,1600,0.0,sample
F_4_16_1,IDBI_BL_016,Processing,8500,2.6,sample
F_4_16_2,IDBI_BL_016,Documentation,1700,0.0,sample
F_4_17_1,CBI_BL_017,Processing,9000,2.7,sample
F_4_17_2,CBI_BL_017,Documentation,1800,0.0,sample
F_4_18_1,INDIAN_BL_018,Processing,9500,2.8,sample
F_4_18_2,INDIAN_BL_018,Documentation,1900,0.0,sample
F_4_19_1,UCO_BL_019,Processing,10000,2.9000000000000004,sample
F_4_19_2,UCO_BL_019,Documentation,2000,0.0,sample
F_4_20_1,PSB_BL_020,Processing,10500,3.0,sample
F_4_20_2,PSB_BL_020,Documentation,2100,0.0,sample
F_4_21_1,SBI_BL_021,Processing,11000,3.1,sample
F_4_21_2,SBI_BL_021,Documentation,2200,0.0,sample
F_4_22_1,HDFC_BL_022,Processing,11500,3.2,sample
F_4_22_2,HDFC_BL_022,Documentation,2300,0.0,sample
F_4_23_1,ICICI_BL_023,Processing,12000,3.3000000000000003,sample
F_4_23_2,ICICI_BL_023,Documentation,2400,0.0,sample
F_4_24_1,PNB_BL_024,Processing,12500,3.4000000000000004,sample
F_4_24_2,PNB_BL_024,Documentation,2500,0.0,sample
F_5_0_1,SBI_GL_000,Processing,500,1.0,sample
F_5_0_2,SBI_GL_000,Documentation,100,0.0,sample
F_5_1_1,HDFC_GL_001,Processing,1000,1.1,sample
F_5_1_2,HDFC_GL_001,Documentation,200,0.0,sample
F_5_2_1,ICICI_GL_002,Processing,1500,1.2,sample
F_5_2_2,ICICI_GL_002,Documentation,300,0.0,sample
F_5_3_1,PNB_GL_003,Processing,2000,1.3,sample
F_5_3_2,PNB_GL_003,Documentation,400,0.0,sample
F_5_4_1,AXIS_GL_004,Processing,2500,1.4,sample
F_5_4_2,AXIS_GL_004,Documentation,500,0.0,sample
F_5_5_1,BOB_GL_005,Processing,3000,1.5,sample
F_5_5_2,BOB_GL_005,Documentation,600,0.0,sample
F_5_6_1,KOTAK_GL_006,Processing,3500,1.6,sample
F_5_6_2,KOTAK_GL_006,Documentation,700,0.0,sample
F_5_7_1,IDFC_GL_007,Processing,4000,1.7000000000000002,sample
F_5_7_2,IDFC_GL_007,Documentation,800,0.0,sample
F_5_8_1,UBI_GL_008,Processing,4500,1.8,sample
F_5_8_2,UBI_GL_008,Documentation,900,0.0,sample
F_5_9_1,YES_GL_009,Processing,5000,1.9,sample
F_5_9_2,YES_GL_009,Documentation,1000,0.0,sample
F_5_10_1,INDUS_GL_010,Processing,5500,2.0,sample
F_5_10_2,INDUS_GL_010,Documentation,1100,0.0,sample
F_5_11_1,CANARA_GL_011,Processing,6000,2.1,sample
F_5_11_2,CANARA_GL_011,Documentation,1200,0.0,sample
F_5_12_1,BOI_GL_012,Processing,6500,2.2,sample
F_5_12_2,BOI_GL_012,Documentation,1300,0.0,sample
F_5_13_1,FEDERAL_GL_013,Processing,7000,2.3,sample
F_5_13_2,FEDERAL_GL_013,Documentation,1400,0.0,sample
F_5_14_1,SIB_GL_014,Processing,7500,2.4000000000000004,sample
F_5_14_2,SIB_GL_014,Documentation,1500,0.0,sample
F_5_15_1,RBL_GL_015,Processing,8000,2.5,sample
F_5_15_2,RBL_GL_015,Documentation,1600,0.0,sample
F_5_16_1,IDBI_GL_016,Processing,8500,2.6,sample
F_5_16_2,IDBI_GL_016,Documentation,1700,0.0,sample
F_5_17_1,CBI_GL_017,Processing,9000,2.7,sample
F_5_17_2,CBI_GL_017,Documentation,1800,0.0,sample
F_5_18_1,INDIAN_GL_018,Processing,9500,2.8,sample
F_5_18_2,INDIAN_GL_018,Documentation,1900,0.0,sample
F_5_19_1,UCO_GL_019,Processing,10000,2.9000000000000004,sample
F_5_19_2,UCO_GL_019,Documentation,2000,0.0,sample
F_5_20_1,PSB_GL_020,Processing,10500,3.0,sample
F_5_20_2,PSB_GL_020,Documentation,2100,0.0,sample
F_5_21_1,SBI_GL_021,Processing,11000,3.1,sample
F_5_21_2,SBI_GL_021,Documentation,2200,0.0,sample
F_5_22_1,HDFC_GL_022,Processing,11500,3.2,sample
F_5_22_2,HDFC_GL_022,Documentation,2300,0.0,sample
F_5_23_1,ICICI_GL_023,Processing,12000,3.3000000000000003,sample
F_5_23_2,ICICI_GL_023,Documentation,2400,0.0,sample
F_5_24_1,PNB_GL_024,Processing,12500,3.4000000000000004,sample
F_5_24_2,PNB_GL_024,Documentation,2500,0.0,sample
