experience_id,bank_id,loan_product_id,common_rejection_reasons,data_status
RJEXP_0_0,SBI001,SBI_EDU_000,"Low CIBIL, Incomplete Docs",sample
RJEXP_0_1,HDFC001,HDFC_EDU_001,"Low CIBIL, Incomplete Docs",sample
RJEXP_0_2,ICICI001,ICICI_EDU_002,"Low CIBIL, Incomplete Docs",sample
RJEXP_0_3,PNB001,PNB_EDU_003,"Low CIBIL, Incomplete Docs",sample
RJEXP_0_4,AXIS001,AXIS_EDU_004,"Low CIBIL, Incomplete Docs",sample
RJEXP_0_5,BOB001,BOB_EDU_005,"Low CIBIL, Incomplete Docs",sample
RJEXP_0_6,KOTAK001,KOTAK_EDU_006,"Low CIBIL, Incomplete Docs",sample
RJEXP_0_7,IDFC001,IDFC_EDU_007,"Low CIBIL, Incomplete Docs",sample
RJEXP_0_8,UBI001,UBI_EDU_008,"Low CIBIL, Incomplete Docs",sample
RJEXP_0_9,YES001,YES_EDU_009,"Low CIBIL, Incomplete Docs",sample
RJEXP_0_10,INDUS001,INDUS_EDU_010,"Low CIBIL, Incomplete Docs",sample
RJEXP_0_11,CANARA001,CANARA_EDU_011,"Low CIBIL, Incomplete Docs",sample
RJEXP_0_12,BOI001,BOI_EDU_012,"Low CIBIL, Incomplete Docs",sample
RJEXP_0_13,FEDERAL001,FEDERAL_EDU_013,"Low CIBIL, Incomplete Docs",sample
RJEXP_0_14,SIB001,SIB_EDU_014,"Low CIBIL, Incomplete Docs",sample
RJEXP_0_15,RBL001,RBL_EDU_015,"Low CIBIL, Incomplete Docs",sample
RJEXP_0_16,IDBI001,IDBI_EDU_016,"Low CIBIL, Incomplete Docs",sample
RJEXP_0_17,CBI001,CBI_EDU_017,"Low CIBIL, Incomplete Docs",sample
RJEXP_0_18,INDIAN001,INDIAN_EDU_018,"Low CIBIL, Incomplete Docs",sample
RJEXP_0_19,UCO001,UCO_EDU_019,"Low CIBIL, Incomplete Docs",sample
RJEXP_0_20,PSB001,PSB_EDU_020,"Low CIBIL, Incomplete Docs",sample
RJEXP_0_21,SBI001,SBI_EDU_021,"Low CIBIL, Incomplete Docs",sample
RJEXP_0_22,HDFC001,HDFC_EDU_022,"Low CIBIL, Incomplete Docs",sample
RJEXP_0_23,ICICI001,ICICI_EDU_023,"Low CIBIL, Incomplete Docs",sample
RJEXP_0_24,PNB001,PNB_EDU_024,"Low CIBIL, Incomplete Docs",sample
RJEXP_1_0,SBI001,SBI_PL_000,"Low CIBIL, Incomplete Docs",sample
RJEXP_1_1,HDFC001,HDFC_PL_001,"Low CIBIL, Incomplete Docs",sample
RJEXP_1_2,ICICI001,ICICI_PL_002,"Low CIBIL, Incomplete Docs",sample
RJEXP_1_3,PNB001,PNB_PL_003,"Low CIBIL, Incomplete Docs",sample
RJEXP_1_4,AXIS001,AXIS_PL_004,"Low CIBIL, Incomplete Docs",sample
RJEXP_1_5,BOB001,BOB_PL_005,"Low CIBIL, Incomplete Docs",sample
RJEXP_1_6,KOTAK001,KOTAK_PL_006,"Low CIBIL, Incomplete Docs",sample
RJEXP_1_7,IDFC001,IDFC_PL_007,"Low CIBIL, Incomplete Docs",sample
RJEXP_1_8,UBI001,UBI_PL_008,"Low CIBIL, Incomplete Docs",sample
RJEXP_1_9,YES001,YES_PL_009,"Low CIBIL, Incomplete Docs",sample
RJEXP_1_10,INDUS001,INDUS_PL_010,"Low CIBIL, Incomplete Docs",sample
RJEXP_1_11,CANARA001,CANARA_PL_011,"Low CIBIL, Incomplete Docs",sample
RJEXP_1_12,BOI001,BOI_PL_012,"Low CIBIL, Incomplete Docs",sample
RJEXP_1_13,FEDERAL001,FEDERAL_PL_013,"Low CIBIL, Incomplete Docs",sample
RJEXP_1_14,SIB001,SIB_PL_014,"Low CIBIL, Incomplete Docs",sample
RJEXP_1_15,RBL001,RBL_PL_015,"Low CIBIL, Incomplete Docs",sample
RJEXP_1_16,IDBI001,IDBI_PL_016,"Low CIBIL, Incomplete Docs",sample
RJEXP_1_17,CBI001,CBI_PL_017,"Low CIBIL, Incomplete Docs",sample
RJEXP_1_18,INDIAN001,INDIAN_PL_018,"Low CIBIL, Incomplete Docs",sample
RJEXP_1_19,UCO001,UCO_PL_019,"Low CIBIL, Incomplete Docs",sample
RJEXP_1_20,PSB001,PSB_PL_020,"Low CIBIL, Incomplete Docs",sample
RJEXP_1_21,SBI001,SBI_PL_021,"Low CIBIL, Incomplete Docs",sample
RJEXP_1_22,HDFC001,HDFC_PL_022,"Low CIBIL, Incomplete Docs",sample
RJEXP_1_23,ICICI001,ICICI_PL_023,"Low CIBIL, Incomplete Docs",sample
RJEXP_1_24,PNB001,PNB_PL_024,"Low CIBIL, Incomplete Docs",sample
RJEXP_2_0,SBI001,SBI_HL_000,"Low CIBIL, Incomplete Docs",sample
RJEXP_2_1,HDFC001,HDFC_HL_001,"Low CIBIL, Incomplete Docs",sample
RJEXP_2_2,ICICI001,ICICI_HL_002,"Low CIBIL, Incomplete Docs",sample
RJEXP_2_3,PNB001,PNB_HL_003,"Low CIBIL, Incomplete Docs",sample
RJEXP_2_4,AXIS001,AXIS_HL_004,"Low CIBIL, Incomplete Docs",sample
RJEXP_2_5,BOB001,BOB_HL_005,"Low CIBIL, Incomplete Docs",sample
RJEXP_2_6,KOTAK001,KOTAK_HL_006,"Low CIBIL, Incomplete Docs",sample
RJEXP_2_7,IDFC001,IDFC_HL_007,"Low CIBIL, Incomplete Docs",sample
RJEXP_2_8,UBI001,UBI_HL_008,"Low CIBIL, Incomplete Docs",sample
RJEXP_2_9,YES001,YES_HL_009,"Low CIBIL, Incomplete Docs",sample
RJEXP_2_10,INDUS001,INDUS_HL_010,"Low CIBIL, Incomplete Docs",sample
RJEXP_2_11,CANARA001,CANARA_HL_011,"Low CIBIL, Incomplete Docs",sample
RJEXP_2_12,BOI001,BOI_HL_012,"Low CIBIL, Incomplete Docs",sample
RJEXP_2_13,FEDERAL001,FEDERAL_HL_013,"Low CIBIL, Incomplete Docs",sample
RJEXP_2_14,SIB001,SIB_HL_014,"Low CIBIL, Incomplete Docs",sample
RJEXP_2_15,RBL001,RBL_HL_015,"Low CIBIL, Incomplete Docs",sample
RJEXP_2_16,IDBI001,IDBI_HL_016,"Low CIBIL, Incomplete Docs",sample
RJEXP_2_17,CBI001,CBI_HL_017,"Low CIBIL, Incomplete Docs",sample
RJEXP_2_18,INDIAN001,INDIAN_HL_018,"Low CIBIL, Incomplete Docs",sample
RJEXP_2_19,UCO001,UCO_HL_019,"Low CIBIL, Incomplete Docs",sample
RJEXP_2_20,PSB001,PSB_HL_020,"Low CIBIL, Incomplete Docs",sample
RJEXP_2_21,SBI001,SBI_HL_021,"Low CIBIL, Incomplete Docs",sample
RJEXP_2_22,HDFC001,HDFC_HL_022,"Low CIBIL, Incomplete Docs",sample
RJEXP_2_23,ICICI001,ICICI_HL_023,"Low CIBIL, Incomplete Docs",sample
RJEXP_2_24,PNB001,PNB_HL_024,"Low CIBIL, Incomplete Docs",sample
RJEXP_3_0,SBI001,SBI_VL_000,"Low CIBIL, Incomplete Docs",sample
RJEXP_3_1,HDFC001,HDFC_VL_001,"Low CIBIL, Incomplete Docs",sample
RJEXP_3_2,ICICI001,ICICI_VL_002,"Low CIBIL, Incomplete Docs",sample
RJEXP_3_3,PNB001,PNB_VL_003,"Low CIBIL, Incomplete Docs",sample
RJEXP_3_4,AXIS001,AXIS_VL_004,"Low CIBIL, Incomplete Docs",sample
RJEXP_3_5,BOB001,BOB_VL_005,"Low CIBIL, Incomplete Docs",sample
RJEXP_3_6,KOTAK001,KOTAK_VL_006,"Low CIBIL, Incomplete Docs",sample
RJEXP_3_7,IDFC001,IDFC_VL_007,"Low CIBIL, Incomplete Docs",sample
RJEXP_3_8,UBI001,UBI_VL_008,"Low CIBIL, Incomplete Docs",sample
RJEXP_3_9,YES001,YES_VL_009,"Low CIBIL, Incomplete Docs",sample
RJEXP_3_10,INDUS001,INDUS_VL_010,"Low CIBIL, Incomplete Docs",sample
RJEXP_3_11,CANARA001,CANARA_VL_011,"Low CIBIL, Incomplete Docs",sample
RJEXP_3_12,BOI001,BOI_VL_012,"Low CIBIL, Incomplete Docs",sample
RJEXP_3_13,FEDERAL001,FEDERAL_VL_013,"Low CIBIL, Incomplete Docs",sample
RJEXP_3_14,SIB001,SIB_VL_014,"Low CIBIL, Incomplete Docs",sample
RJEXP_3_15,RBL001,RBL_VL_015,"Low CIBIL, Incomplete Docs",sample
RJEXP_3_16,IDBI001,IDBI_VL_016,"Low CIBIL, Incomplete Docs",sample
RJEXP_3_17,CBI001,CBI_VL_017,"Low CIBIL, Incomplete Docs",sample
RJEXP_3_18,INDIAN001,INDIAN_VL_018,"Low CIBIL, Incomplete Docs",sample
RJEXP_3_19,UCO001,UCO_VL_019,"Low CIBIL, Incomplete Docs",sample
RJEXP_3_20,PSB001,PSB_VL_020,"Low CIBIL, Incomplete Docs",sample
RJEXP_3_21,SBI001,SBI_VL_021,"Low CIBIL, Incomplete Docs",sample
RJEXP_3_22,HDFC001,HDFC_VL_022,"Low CIBIL, Incomplete Docs",sample
RJEXP_3_23,ICICI001,ICICI_VL_023,"Low CIBIL, Incomplete Docs",sample
RJEXP_3_24,PNB001,PNB_VL_024,"Low CIBIL, Incomplete Docs",sample
RJEXP_4_0,SBI001,SBI_BL_000,"Low CIBIL, Incomplete Docs",sample
RJEXP_4_1,HDFC001,HDFC_BL_001,"Low CIBIL, Incomplete Docs",sample
RJEXP_4_2,ICICI001,ICICI_BL_002,"Low CIBIL, Incomplete Docs",sample
RJEXP_4_3,PNB001,PNB_BL_003,"Low CIBIL, Incomplete Docs",sample
RJEXP_4_4,AXIS001,AXIS_BL_004,"Low CIBIL, Incomplete Docs",sample
RJEXP_4_5,BOB001,BOB_BL_005,"Low CIBIL, Incomplete Docs",sample
RJEXP_4_6,KOTAK001,KOTAK_BL_006,"Low CIBIL, Incomplete Docs",sample
RJEXP_4_7,IDFC001,IDFC_BL_007,"Low CIBIL, Incomplete Docs",sample
RJEXP_4_8,UBI001,UBI_BL_008,"Low CIBIL, Incomplete Docs",sample
RJEXP_4_9,YES001,YES_BL_009,"Low CIBIL, Incomplete Docs",sample
RJEXP_4_10,INDUS001,INDUS_BL_010,"Low CIBIL, Incomplete Docs",sample
RJEXP_4_11,CANARA001,CANARA_BL_011,"Low CIBIL, Incomplete Docs",sample
RJEXP_4_12,BOI001,BOI_BL_012,"Low CIBIL, Incomplete Docs",sample
RJEXP_4_13,FEDERAL001,FEDERAL_BL_013,"Low CIBIL, Incomplete Docs",sample
RJEXP_4_14,SIB001,SIB_BL_014,"Low CIBIL, Incomplete Docs",sample
RJEXP_4_15,RBL001,RBL_BL_015,"Low CIBIL, Incomplete Docs",sample
RJEXP_4_16,IDBI001,IDBI_BL_016,"Low CIBIL, Incomplete Docs",sample
RJEXP_4_17,CBI001,CBI_BL_017,"Low CIBIL, Incomplete Docs",sample
RJEXP_4_18,INDIAN001,INDIAN_BL_018,"Low CIBIL, Incomplete Docs",sample
RJEXP_4_19,UCO001,UCO_BL_019,"Low CIBIL, Incomplete Docs",sample
RJEXP_4_20,PSB001,PSB_BL_020,"Low CIBIL, Incomplete Docs",sample
RJEXP_4_21,SBI001,SBI_BL_021,"Low CIBIL, Incomplete Docs",sample
RJEXP_4_22,HDFC001,HDFC_BL_022,"Low CIBIL, Incomplete Docs",sample
RJEXP_4_23,ICICI001,ICICI_BL_023,"Low CIBIL, Incomplete Docs",sample
RJEXP_4_24,PNB001,PNB_BL_024,"Low CIBIL, Incomplete Docs",sample
RJEXP_5_0,SBI001,SBI_GL_000,"Low CIBIL, Incomplete Docs",sample
RJEXP_5_1,HDFC001,HDFC_GL_001,"Low CIBIL, Incomplete Docs",sample
RJEXP_5_2,ICICI001,ICICI_GL_002,"Low CIBIL, Incomplete Docs",sample
RJEXP_5_3,PNB001,PNB_GL_003,"Low CIBIL, Incomplete Docs",sample
RJEXP_5_4,AXIS001,AXIS_GL_004,"Low CIBIL, Incomplete Docs",sample
RJEXP_5_5,BOB001,BOB_GL_005,"Low CIBIL, Incomplete Docs",sample
RJEXP_5_6,KOTAK001,KOTAK_GL_006,"Low CIBIL, Incomplete Docs",sample
RJEXP_5_7,IDFC001,IDFC_GL_007,"Low CIBIL, Incomplete Docs",sample
RJEXP_5_8,UBI001,UBI_GL_008,"Low CIBIL, Incomplete Docs",sample
RJEXP_5_9,YES001,YES_GL_009,"Low CIBIL, Incomplete Docs",sample
RJEXP_5_10,INDUS001,INDUS_GL_010,"Low CIBIL, Incomplete Docs",sample
RJEXP_5_11,CANARA001,CANARA_GL_011,"Low CIBIL, Incomplete Docs",sample
RJEXP_5_12,BOI001,BOI_GL_012,"Low CIBIL, Incomplete Docs",sample
RJEXP_5_13,FEDERAL001,FEDERAL_GL_013,"Low CIBIL, Incomplete Docs",sample
RJEXP_5_14,SIB001,SIB_GL_014,"Low CIBIL, Incomplete Docs",sample
RJEXP_5_15,RBL001,RBL_GL_015,"Low CIBIL, Incomplete Docs",sample
RJEXP_5_16,IDBI001,IDBI_GL_016,"Low CIBIL, Incomplete Docs",sample
RJEXP_5_17,CBI001,CBI_GL_017,"Low CIBIL, Incomplete Docs",sample
RJEXP_5_18,INDIAN001,INDIAN_GL_018,"Low CIBIL, Incomplete Docs",sample
RJEXP_5_19,UCO001,UCO_GL_019,"Low CIBIL, Incomplete Docs",sample
RJEXP_5_20,PSB001,PSB_GL_020,"Low CIBIL, Incomplete Docs",sample
RJEXP_5_21,SBI001,SBI_GL_021,"Low CIBIL, Incomplete Docs",sample
RJEXP_5_22,HDFC001,HDFC_GL_022,"Low CIBIL, Incomplete Docs",sample
RJEXP_5_23,ICICI001,ICICI_GL_023,"Low CIBIL, Incomplete Docs",sample
RJEXP_5_24,PNB001,PNB_GL_024,"Low CIBIL, Incomplete Docs",sample
