experience_id,bank_id,loan_product_id,ease_of_repayment_rating,data_status
REXP_0_0,SBI001,SBI_EDU_000,3,sample
REXP_0_1,HDFC001,HDFC_EDU_001,4,sample
REXP_0_2,ICICI001,ICICI_EDU_002,5,sample
REXP_0_3,PNB001,PNB_EDU_003,3,sample
REXP_0_4,AXIS001,AXIS_EDU_004,4,sample
REXP_0_5,BOB001,BOB_EDU_005,5,sample
REXP_0_6,KOTAK001,KOTAK_EDU_006,3,sample
REXP_0_7,IDFC001,IDFC_EDU_007,4,sample
REXP_0_8,UBI001,UBI_EDU_008,5,sample
REXP_0_9,YES001,YES_EDU_009,3,sample
REXP_0_10,INDUS001,INDUS_EDU_010,4,sample
REXP_0_11,CANARA001,CANARA_EDU_011,5,sample
REXP_0_12,BOI001,BOI_EDU_012,3,sample
REXP_0_13,FEDERAL001,FEDERAL_EDU_013,4,sample
REXP_0_14,SIB001,SIB_EDU_014,5,sample
REXP_0_15,RBL001,RBL_EDU_015,3,sample
REXP_0_16,IDBI001,IDBI_EDU_016,4,sample
REXP_0_17,CBI001,CBI_EDU_017,5,sample
REXP_0_18,INDIAN001,INDIAN_EDU_018,3,sample
REXP_0_19,UCO001,UCO_EDU_019,4,sample
REXP_0_20,PSB001,PSB_EDU_020,5,sample
REXP_0_21,SBI001,SBI_EDU_021,3,sample
REXP_0_22,HDFC001,HDFC_EDU_022,4,sample
REXP_0_23,ICICI001,ICICI_EDU_023,5,sample
REXP_0_24,PNB001,PNB_EDU_024,3,sample
REXP_1_0,SBI001,SBI_PL_000,3,sample
REXP_1_1,HDFC001,HDFC_PL_001,4,sample
REXP_1_2,ICICI001,ICICI_PL_002,5,sample
REXP_1_3,PNB001,PNB_PL_003,3,sample
REXP_1_4,AXIS001,AXIS_PL_004,4,sample
REXP_1_5,BOB001,BOB_PL_005,5,sample
REXP_1_6,KOTAK001,KOTAK_PL_006,3,sample
REXP_1_7,IDFC001,IDFC_PL_007,4,sample
REXP_1_8,UBI001,UBI_PL_008,5,sample
REXP_1_9,YES001,YES_PL_009,3,sample
REXP_1_10,INDUS001,INDUS_PL_010,4,sample
REXP_1_11,CANARA001,CANARA_PL_011,5,sample
REXP_1_12,BOI001,BOI_PL_012,3,sample
REXP_1_13,FEDERAL001,FEDERAL_PL_013,4,sample
REXP_1_14,SIB001,SIB_PL_014,5,sample
REXP_1_15,RBL001,RBL_PL_015,3,sample
REXP_1_16,IDBI001,IDBI_PL_016,4,sample
REXP_1_17,CBI001,CBI_PL_017,5,sample
REXP_1_18,INDIAN001,INDIAN_PL_018,3,sample
REXP_1_19,UCO001,UCO_PL_019,4,sample
REXP_1_20,PSB001,PSB_PL_020,5,sample
REXP_1_21,SBI001,SBI_PL_021,3,sample
REXP_1_22,HDFC001,HDFC_PL_022,4,sample
REXP_1_23,ICICI001,ICICI_PL_023,5,sample
REXP_1_24,PNB001,PNB_PL_024,3,sample
REXP_2_0,SBI001,SBI_HL_000,3,sample
REXP_2_1,HDFC001,HDFC_HL_001,4,sample
REXP_2_2,ICICI001,ICICI_HL_002,5,sample
REXP_2_3,PNB001,PNB_HL_003,3,sample
REXP_2_4,AXIS001,AXIS_HL_004,4,sample
REXP_2_5,BOB001,BOB_HL_005,5,sample
REXP_2_6,KOTAK001,KOTAK_HL_006,3,sample
REXP_2_7,IDFC001,IDFC_HL_007,4,sample
REXP_2_8,UBI001,UBI_HL_008,5,sample
REXP_2_9,YES001,YES_HL_009,3,sample
REXP_2_10,INDUS001,INDUS_HL_010,4,sample
REXP_2_11,CANARA001,CANARA_HL_011,5,sample
REXP_2_12,BOI001,BOI_HL_012,3,sample
REXP_2_13,FEDERAL001,FEDERAL_HL_013,4,sample
REXP_2_14,SIB001,SIB_HL_014,5,sample
REXP_2_15,RBL001,RBL_HL_015,3,sample
REXP_2_16,IDBI001,IDBI_HL_016,4,sample
REXP_2_17,CBI001,CBI_HL_017,5,sample
REXP_2_18,INDIAN001,INDIAN_HL_018,3,sample
REXP_2_19,UCO001,UCO_HL_019,4,sample
REXP_2_20,PSB001,PSB_HL_020,5,sample
REXP_2_21,SBI001,SBI_HL_021,3,sample
REXP_2_22,HDFC001,HDFC_HL_022,4,sample
REXP_2_23,ICICI001,ICICI_HL_023,5,sample
REXP_2_24,PNB001,PNB_HL_024,3,sample
REXP_3_0,SBI001,SBI_VL_000,3,sample
REXP_3_1,HDFC001,HDFC_VL_001,4,sample
REXP_3_2,ICICI001,ICICI_VL_002,5,sample
REXP_3_3,PNB001,PNB_VL_003,3,sample
REXP_3_4,AXIS001,AXIS_VL_004,4,sample
REXP_3_5,BOB001,BOB_VL_005,5,sample
REXP_3_6,KOTAK001,KOTAK_VL_006,3,sample
REXP_3_7,IDFC001,IDFC_VL_007,4,sample
REXP_3_8,UBI001,UBI_VL_008,5,sample
REXP_3_9,YES001,YES_VL_009,3,sample
REXP_3_10,INDUS001,INDUS_VL_010,4,sample
REXP_3_11,CANARA001,CANARA_VL_011,5,sample
REXP_3_12,BOI001,BOI_VL_012,3,sample
REXP_3_13,FEDERAL001,FEDERAL_VL_013,4,sample
REXP_3_14,SIB001,SIB_VL_014,5,sample
REXP_3_15,RBL001,RBL_VL_015,3,sample
REXP_3_16,IDBI001,IDBI_VL_016,4,sample
REXP_3_17,CBI001,CBI_VL_017,5,sample
REXP_3_18,INDIAN001,INDIAN_VL_018,3,sample
REXP_3_19,UCO001,UCO_VL_019,4,sample
REXP_3_20,PSB001,PSB_VL_020,5,sample
REXP_3_21,SBI001,SBI_VL_021,3,sample
REXP_3_22,HDFC001,HDFC_VL_022,4,sample
REXP_3_23,ICICI001,ICICI_VL_023,5,sample
REXP_3_24,PNB001,PNB_VL_024,3,sample
REXP_4_0,SBI001,SBI_BL_000,3,sample
REXP_4_1,HDFC001,HDFC_BL_001,4,sample
REXP_4_2,ICICI001,ICICI_BL_002,5,sample
REXP_4_3,PNB001,PNB_BL_003,3,sample
REXP_4_4,AXIS001,AXIS_BL_004,4,sample
REXP_4_5,BOB001,BOB_BL_005,5,sample
REXP_4_6,KOTAK001,KOTAK_BL_006,3,sample
REXP_4_7,IDFC001,IDFC_BL_007,4,sample
REXP_4_8,UBI001,UBI_BL_008,5,sample
REXP_4_9,YES001,YES_BL_009,3,sample
REXP_4_10,INDUS001,INDUS_BL_010,4,sample
REXP_4_11,CANARA001,CANARA_BL_011,5,sample
REXP_4_12,BOI001,BOI_BL_012,3,sample
REXP_4_13,FEDERAL001,FEDERAL_BL_013,4,sample
REXP_4_14,SIB001,SIB_BL_014,5,sample
REXP_4_15,RBL001,RBL_BL_015,3,sample
REXP_4_16,IDBI001,IDBI_BL_016,4,sample
REXP_4_17,CBI001,CBI_BL_017,5,sample
REXP_4_18,INDIAN001,INDIAN_BL_018,3,sample
REXP_4_19,UCO001,UCO_BL_019,4,sample
REXP_4_20,PSB001,PSB_BL_020,5,sample
REXP_4_21,SBI001,SBI_BL_021,3,sample
REXP_4_22,HDFC001,HDFC_BL_022,4,sample
REXP_4_23,ICICI001,ICICI_BL_023,5,sample
REXP_4_24,PNB001,PNB_BL_024,3,sample
REXP_5_0,SBI001,SBI_GL_000,3,sample
REXP_5_1,HDFC001,HDFC_GL_001,4,sample
REXP_5_2,ICICI001,ICICI_GL_002,5,sample
REXP_5_3,PNB001,PNB_GL_003,3,sample
REXP_5_4,AXIS001,AXIS_GL_004,4,sample
REXP_5_5,BOB001,BOB_GL_005,5,sample
REXP_5_6,KOTAK001,KOTAK_GL_006,3,sample
REXP_5_7,IDFC001,IDFC_GL_007,4,sample
REXP_5_8,UBI001,UBI_GL_008,5,sample
REXP_5_9,YES001,YES_GL_009,3,sample
REXP_5_10,INDUS001,INDUS_GL_010,4,sample
REXP_5_11,CANARA001,CANARA_GL_011,5,sample
REXP_5_12,BOI001,BOI_GL_012,3,sample
REXP_5_13,FEDERAL001,FEDERAL_GL_013,4,sample
REXP_5_14,SIB001,SIB_GL_014,5,sample
REXP_5_15,RBL001,RBL_GL_015,3,sample
REXP_5_16,IDBI001,IDBI_GL_016,4,sample
REXP_5_17,CBI001,CBI_GL_017,5,sample
REXP_5_18,INDIAN001,INDIAN_GL_018,3,sample
REXP_5_19,UCO001,UCO_GL_019,4,sample
REXP_5_20,PSB001,PSB_GL_020,5,sample
REXP_5_21,SBI001,SBI_GL_021,3,sample
REXP_5_22,HDFC001,HDFC_GL_022,4,sample
REXP_5_23,ICICI001,ICICI_GL_023,5,sample
REXP_5_24,PNB001,PNB_GL_024,3,sample
