loan_product_id,bank_id,loan_type_id,product_name,minimum_loan_amount,maximum_loan_amount,minimum_tenure,maximum_tenure,interest_rate_type,processing_fee,prepayment_allowed,data_status,active_status
SBI_PL_000,SBI001,PERSONAL,SBI Personal Loan,20000,1500000,12,60,Fixed,1.0,true,sample,active
HDFC_PL_001,HDFC001,PERSONAL,HDFC Personal Loan,25000,1550000,12,66,Fixed,1.1,true,sample,active
ICICI_PL_002,ICICI001,PERSONAL,ICICI Personal Loan,30000,1600000,12,72,Fixed,1.2,true,sample,active
PNB_PL_003,PNB001,PERSONAL,PNB Personal Loan,35000,1650000,12,78,Fixed,1.3,true,sample,active
AXIS_PL_004,AXIS001,PERSONAL,AXIS Personal Loan,40000,1700000,12,60,Fixed,1.4,true,sample,active
BOB_PL_005,BOB001,PERSONAL,BOB Personal Loan,45000,1750000,12,66,Fixed,1.5,true,sample,active
KOTAK_PL_006,KOTAK001,PERSONAL,KOTAK Personal Loan,50000,1800000,12,72,Fixed,1.6,true,sample,active
IDFC_PL_007,IDFC001,PERSONAL,IDFC Personal Loan,55000,1850000,12,78,Fixed,1.7000000000000002,true,sample,active
UBI_PL_008,UBI001,PERSONAL,UBI Personal Loan,60000,1900000,12,60,Fixed,1.8,true,sample,active
YES_PL_009,YES001,PERSONAL,YES Personal Loan,65000,1950000,12,66,Fixed,1.9,true,sample,active
INDUS_PL_010,INDUS001,PERSONAL,INDUS Personal Loan,70000,2000000,12,72,Fixed,2.0,true,sample,active
CANARA_PL_011,CANARA001,PERSONAL,CANARA Personal Loan,75000,2050000,12,78,Fixed,2.1,true,sample,active
BOI_PL_012,BOI001,PERSONAL,BOI Personal Loan,80000,2100000,12,60,Fixed,2.2,true,sample,active
FEDERAL_PL_013,FEDERAL001,PERSONAL,FEDERAL Personal Loan,85000,2150000,12,66,Fixed,2.3,true,sample,active
SIB_PL_014,SIB001,PERSONAL,SIB Personal Loan,90000,2200000,12,72,Fixed,2.4000000000000004,true,sample,active
RBL_PL_015,RBL001,PERSONAL,RBL Personal Loan,95000,2250000,12,78,Fixed,2.5,true,sample,active
IDBI_PL_016,IDBI001,PERSONAL,IDBI Personal Loan,100000,2300000,12,60,Fixed,2.6,true,sample,active
CBI_PL_017,CBI001,PERSONAL,CBI Personal Loan,105000,2350000,12,66,Fixed,2.7,true,sample,active
INDIAN_PL_018,INDIAN001,PERSONAL,INDIAN Personal Loan,110000,2400000,12,72,Fixed,2.8,true,sample,active
UCO_PL_019,UCO001,PERSONAL,UCO Personal Loan,115000,2450000,12,78,Fixed,2.9000000000000004,true,sample,active
PSB_PL_020,PSB001,PERSONAL,PSB Personal Loan,120000,2500000,12,60,Fixed,3.0,true,sample,active
SBI_PL_021,SBI001,PERSONAL,SBI Personal Loan,125000,2550000,12,66,Fixed,3.1,true,sample,active
HDFC_PL_022,HDFC001,PERSONAL,HDFC Personal Loan,130000,2600000,12,72,Fixed,3.2,true,sample,active
ICICI_PL_023,ICICI001,PERSONAL,ICICI Personal Loan,135000,2650000,12,78,Fixed,3.3000000000000003,true,sample,active
PNB_PL_024,PNB001,PERSONAL,PNB Personal Loan,140000,2700000,12,60,Fixed,3.4000000000000004,true,sample,active
