rate_id,loan_product_id,interest_rate_min,interest_rate_max,effective_date,data_status
IR_EDU_SBI,SBI_EDU_001,8.5,10.5,2024-01-01,sample
IR_EDU_HDFC,HDFC_EDU_001,9.5,13.5,2024-01-01,sample
IR_EDU_ICICI,ICICI_EDU_001,9.0,12.5,2024-01-01,sample
IR_EDU_PNB,PNB_EDU_001,8.4,10.4,2024-01-01,sample
IR_EDU_UBI,UBI_EDU_001,8.5,10.5,2024-01-01,sample
IR_EDU_KOTAK,KOTAK_EDU_001,10.5,14.5,2024-01-01,sample
IR_EDU_IDFC,IDFC_EDU_001,9.5,13.0,2024-01-01,sample
IR_PL_HDFC,HDFC_PL_001,10.5,21.0,2024-01-01,sample
IR_PL_ICICI,ICICI_PL_001,10.75,19.0,2024-01-01,sample
IR_PL_SBI,SBI_PL_001,11.0,15.0,2024-01-01,sample
IR_PL_AXIS,AXIS_PL_001,10.49,21.0,2024-01-01,sample
IR_PL_KOTAK,KOTAK_PL_001,10.99,24.0,2024-01-01,sample
IR_PL_IDFC,IDFC_PL_001,10.49,25.0,2024-01-01,sample
IR_PL_YES,YES_PL_001,10.99,20.0,2024-01-01,sample
IR_HL_SBI,SBI_HL_001,8.4,10.15,2024-01-01,sample
IR_HL_HDFC,HDFC_HL_001,8.5,10.5,2024-01-01,sample
IR_HL_PNB,PNB_HL_001,8.4,10.1,2024-01-01,sample
IR_HL_ICICI,ICICI_HL_001,8.75,10.8,2024-01-01,sample
IR_HL_BOB,BOB_HL_001,8.4,10.6,2024-01-01,sample
IR_VL_SBI,SBI_VL_001,8.65,9.45,2024-01-01,sample
IR_VL_HDFC,HDFC_VL_001,8.75,10.5,2024-01-01,sample
IR_VL_ICICI,ICICI_VL_001,9.0,11.0,2024-01-01,sample
IR_VL_KOTAK,KOTAK_VL_001,8.75,12.0,2024-01-01,sample
IR_VL_AXIS,AXIS_VL_001,8.95,11.5,2024-01-01,sample
IR_BL_HDFC,HDFC_BL_001,11.9,21.0,2024-01-01,sample
IR_BL_ICICI,ICICI_BL_001,13.0,19.5,2024-01-01,sample
IR_BL_SBI,SBI_BL_001,9.5,14.0,2024-01-01,sample
IR_BL_IDFC,IDFC_BL_001,14.5,24.0,2024-01-01,sample
IR_BL_YES,YES_BL_001,13.9,21.0,2024-01-01,sample
IR_GL_SBI,SBI_GL_001,8.65,9.5,2024-01-01,sample
IR_GL_BOB,BOB_GL_001,8.85,9.85,2024-01-01,sample
IR_GL_HDFC,HDFC_GL_001,9.0,13.0,2024-01-01,sample
IR_GL_ICICI,ICICI_GL_001,9.0,14.0,2024-01-01,sample
IR_GL_UBI,UBI_GL_001,8.6,9.6,2024-01-01,sample
