rule_id,loan_product_id,min_age,max_age,min_business_vintage,min_turnover,data_status
EL_BL_000,SBI_BL_000,23,65,2,1000000,sample
EL_BL_001,HDFC_BL_001,23,65,3,1500000,sample
EL_BL_002,ICICI_BL_002,23,65,4,2000000,sample
EL_BL_003,PNB_BL_003,23,65,2,2500000,sample
EL_BL_004,AXIS_BL_004,23,65,3,3000000,sample
EL_BL_005,BOB_BL_005,23,65,4,3500000,sample
EL_BL_006,KOTAK_BL_006,23,65,2,4000000,sample
EL_BL_007,IDFC_BL_007,23,65,3,4500000,sample
EL_BL_008,UBI_BL_008,23,65,4,5000000,sample
EL_BL_009,YES_BL_009,23,65,2,5500000,sample
EL_BL_010,INDUS_BL_010,23,65,3,6000000,sample
EL_BL_011,CANARA_BL_011,23,65,4,6500000,sample
EL_BL_012,BOI_BL_012,23,65,2,7000000,sample
EL_BL_013,FEDERAL_BL_013,23,65,3,7500000,sample
EL_BL_014,SIB_BL_014,23,65,4,8000000,sample
EL_BL_015,RBL_BL_015,23,65,2,8500000,sample
EL_BL_016,IDBI_BL_016,23,65,3,9000000,sample
EL_BL_017,CBI_BL_017,23,65,4,9500000,sample
EL_BL_018,INDIAN_BL_018,23,65,2,10000000,sample
EL_BL_019,UCO_BL_019,23,65,3,10500000,sample
EL_BL_020,PSB_BL_020,23,65,4,11000000,sample
EL_BL_021,SBI_BL_021,23,65,2,11500000,sample
EL_BL_022,HDFC_BL_022,23,65,3,12000000,sample
EL_BL_023,ICICI_BL_023,23,65,4,12500000,sample
EL_BL_024,PNB_BL_024,23,65,2,13000000,sample
