rule_id,loan_product_id,min_age,max_age,min_income,co_applicant_required,collateral_required,data_status
EL_EDU_000,SBI_EDU_000,18,30,0,true,false,sample
EL_EDU_001,HDFC_EDU_001,18,31,100000,false,false,sample
EL_EDU_002,ICICI_EDU_002,18,32,200000,true,false,sample
EL_EDU_003,PNB_EDU_003,18,33,300000,false,false,sample
EL_EDU_004,AXIS_EDU_004,18,34,400000,true,false,sample
EL_EDU_005,BOB_EDU_005,18,35,0,false,false,sample
EL_EDU_006,KOTAK_EDU_006,18,36,100000,true,false,sample
EL_EDU_007,IDFC_EDU_007,18,37,200000,false,false,sample
EL_EDU_008,UBI_EDU_008,18,38,300000,true,false,sample
EL_EDU_009,YES_EDU_009,18,39,400000,false,false,sample
EL_EDU_010,INDUS_EDU_010,18,30,0,true,false,sample
EL_EDU_011,CANARA_EDU_011,18,31,100000,false,false,sample
EL_EDU_012,BOI_EDU_012,18,32,200000,true,false,sample
EL_EDU_013,FEDERAL_EDU_013,18,33,300000,false,false,sample
EL_EDU_014,SIB_EDU_014,18,34,400000,true,false,sample
EL_EDU_015,RBL_EDU_015,18,35,0,false,false,sample
EL_EDU_016,IDBI_EDU_016,18,36,100000,true,false,sample
EL_EDU_017,CBI_EDU_017,18,37,200000,false,false,sample
EL_EDU_018,INDIAN_EDU_018,18,38,300000,true,false,sample
EL_EDU_019,UCO_EDU_019,18,39,400000,false,false,sample
EL_EDU_020,PSB_EDU_020,18,30,0,true,false,sample
EL_EDU_021,SBI_EDU_021,18,31,100000,false,false,sample
EL_EDU_022,HDFC_EDU_022,18,32,200000,true,false,sample
EL_EDU_023,ICICI_EDU_023,18,33,300000,false,false,sample
EL_EDU_024,PNB_EDU_024,18,34,400000,true,false,sample
