rule_id,loan_product_id,min_age,max_age,data_status
EL_GL_000,SBI_GL_000,18,70,sample
EL_GL_001,HDFC_GL_001,18,70,sample
EL_GL_002,ICICI_GL_002,18,70,sample
EL_GL_003,PNB_GL_003,18,70,sample
EL_GL_004,AXIS_GL_004,18,70,sample
EL_GL_005,BOB_GL_005,18,70,sample
EL_GL_006,KOTAK_GL_006,18,70,sample
EL_GL_007,IDFC_GL_007,18,70,sample
EL_GL_008,UBI_GL_008,18,70,sample
EL_GL_009,YES_GL_009,18,70,sample
EL_GL_010,INDUS_GL_010,18,70,sample
EL_GL_011,CANARA_GL_011,18,70,sample
EL_GL_012,BOI_GL_012,18,70,sample
EL_GL_013,FEDERAL_GL_013,18,70,sample
EL_GL_014,SIB_GL_014,18,70,sample
EL_GL_015,RBL_GL_015,18,70,sample
EL_GL_016,IDBI_GL_016,18,70,sample
EL_GL_017,CBI_GL_017,18,70,sample
EL_GL_018,INDIAN_GL_018,18,70,sample
EL_GL_019,UCO_GL_019,18,70,sample
EL_GL_020,PSB_GL_020,18,70,sample
EL_GL_021,SBI_GL_021,18,70,sample
EL_GL_022,HDFC_GL_022,18,70,sample
EL_GL_023,ICICI_GL_023,18,70,sample
EL_GL_024,PNB_GL_024,18,70,sample
