rule_id,loan_product_id,min_age,max_age,min_income,min_credit_score,data_status
EL_HL_000,SBI_HL_000,21,65,20000,680,sample
EL_HL_001,HDFC_HL_001,21,66,23000,685,sample
EL_HL_002,ICICI_HL_002,21,67,26000,690,sample
EL_HL_003,PNB_HL_003,21,68,29000,695,sample
EL_HL_004,AXIS_HL_004,21,69,32000,700,sample
EL_HL_005,BOB_HL_005,21,65,35000,705,sample
EL_HL_006,KOTAK_HL_006,21,66,38000,710,sample
EL_HL_007,IDFC_HL_007,21,67,41000,715,sample
EL_HL_008,UBI_HL_008,21,68,44000,720,sample
EL_HL_009,YES_HL_009,21,69,47000,725,sample
EL_HL_010,INDUS_HL_010,21,65,50000,730,sample
EL_HL_011,CANARA_HL_011,21,66,53000,735,sample
EL_HL_012,BOI_HL_012,21,67,56000,740,sample
EL_HL_013,FEDERAL_HL_013,21,68,59000,745,sample
EL_HL_014,SIB_HL_014,21,69,62000,750,sample
EL_HL_015,RBL_HL_015,21,65,65000,755,sample
EL_HL_016,IDBI_HL_016,21,66,68000,760,sample
EL_HL_017,CBI_HL_017,21,67,71000,765,sample
EL_HL_018,INDIAN_HL_018,21,68,74000,770,sample
EL_HL_019,UCO_HL_019,21,69,77000,775,sample
EL_HL_020,PSB_HL_020,21,65,80000,780,sample
EL_HL_021,SBI_HL_021,21,66,83000,785,sample
EL_HL_022,HDFC_HL_022,21,67,86000,790,sample
EL_HL_023,ICICI_HL_023,21,68,89000,795,sample
EL_HL_024,PNB_HL_024,21,69,92000,800,sample
