rule_id,loan_product_id,min_age,max_age,min_income,data_status
EL_VL_000,SBI_VL_000,21,60,20000,sample
EL_VL_001,HDFC_VL_001,21,61,22000,sample
EL_VL_002,ICICI_VL_002,21,62,24000,sample
EL_VL_003,PNB_VL_003,21,63,26000,sample
EL_VL_004,AXIS_VL_004,21,64,28000,sample
EL_VL_005,BOB_VL_005,21,60,30000,sample
EL_VL_006,KOTAK_VL_006,21,61,32000,sample
EL_VL_007,IDFC_VL_007,21,62,34000,sample
EL_VL_008,UBI_VL_008,21,63,36000,sample
EL_VL_009,YES_VL_009,21,64,38000,sample
EL_VL_010,INDUS_VL_010,21,60,40000,sample
EL_VL_011,CANARA_VL_011,21,61,42000,sample
EL_VL_012,BOI_VL_012,21,62,44000,sample
EL_VL_013,FEDERAL_VL_013,21,63,46000,sample
EL_VL_014,SIB_VL_014,21,64,48000,sample
EL_VL_015,RBL_VL_015,21,60,50000,sample
EL_VL_016,IDBI_VL_016,21,61,52000,sample
EL_VL_017,CBI_VL_017,21,62,54000,sample
EL_VL_018,INDIAN_VL_018,21,63,56000,sample
EL_VL_019,UCO_VL_019,21,64,58000,sample
EL_VL_020,PSB_VL_020,21,60,60000,sample
EL_VL_021,SBI_VL_021,21,61,62000,sample
EL_VL_022,HDFC_VL_022,21,62,64000,sample
EL_VL_023,ICICI_VL_023,21,63,66000,sample
EL_VL_024,PNB_VL_024,21,64,68000,sample
